{
    "swagger": "2.0",
    "info": {
      "title": "AI Quizzer API",
      "description": "API for AI Quizzer App",
      "version": "1.0.0"
    },
    "securityDefinitions": {
      "BearerAuth": {
        "type": "apiKey",
        "in": "header",
        "name": "x-auth-token",
        "description": "JWT Bearer token authorization"
      }
    },
    "security": [
      {
        "BearerAuth": []
      }
    ],
    "paths": {
      "/api/auth/register": {
        "post": {
          "summary": "Register a new user",
          "parameters": [
            {
              "name": "user",
              "in": "body",
              "required": true,
              "schema": {
                "type": "object",
                "properties": {
                  "username": { "type": "string" },
                  "password": { "type": "string" }
                }
              }
            }
          ],
          "responses": {
            "201": { "description": "User registered" },
            "500": { "description": "Error" }
          }
        }
      },
      "/api/auth/login": {
        "post": {
          "summary": "Login a user",
          "parameters": [
            {
              "name": "user",
              "in": "body",
              "required": true,
              "schema": {
                "type": "object",
                "properties": {
                  "username": { "type": "string" },
                  "password": { "type": "string" }
                }
              }
            }
          ],
          "responses": {
            "200": { "description": "Token received" },
            "400": { "description": "Invalid credentials" }
          }
        }
      },
      "/api/quiz/generate": {
        "post": {
          "summary": "Generate a new quiz based on parameters",
          "parameters": [
            {
              "name": "quizDetails",
              "in": "body",
              "required": true,
              "schema": {
                "type": "object",
                "properties": {
                  "grade": { "type": "integer" },
                  "subject": { "type": "string" },
                  "totalQuestions": { "type": "integer" },
                  "maxScore": { "type": "integer" },
                  "difficulty": {
                    "type": "string",
                    "enum": ["Easy", "Medium", "Hard"]
                  },
                  "questions": {
                    "type": "array",
                    "items": {
                      "type": "object",
                      "properties": {
                        "questionId": { "type": "string" },
                        "questionText": { "type": "string" },
                        "correctAnswer": { "type": "string" },
                        "score": { "type": "integer" }
                      }
                    }
                  }
                },
                "example": {
                  "grade": 10,
                  "subject": "Math",
                  "totalQuestions": 20,
                  "maxScore": 100,
                  "difficulty": "Medium",
                  "questions": [
                    {
                      "questionId": "1",
                      "questionText": "What is 2 + 2?",
                      "correctAnswer": "4",
                      "score": 20
                    }
                  ]
                }
              }
            }
          ],
          "responses": {
            "201": {
              "description": "Quiz created successfully",
              "schema": {
                "$ref": "#/definitions/Quiz"
              }
            },
            "500": { "description": "Internal server error" }
          }
        }
      },
      "/api/quiz/submit": {
        "post": {
          "summary": "Submit student responses for a quiz and calculate the score",
          "parameters": [
            {
              "name": "submission",
              "in": "body",
              "required": true,
              "schema": {
                "type": "object",
                "properties": {
                  "quizId": { "type": "string" },
                  "responses": {
                    "type": "array",
                    "items": {
                      "type": "object",
                      "properties": {
                        "questionId": { "type": "string" },
                        "userResponse": { "type": "string" }
                      }
                    }
                  }
                },
                "example": {
                  "quizId": "quizId123",
                  "responses": [
                    { "questionId": "q1", "userResponse": "Answer1" },
                    { "questionId": "q2", "userResponse": "Answer2" }
                  ]
                }
              }
            }
          ],
          "responses": {
            "200": {
              "description": "Quiz score calculated successfully",
              "schema": {
                "type": "object",
                "properties": {
                  "totalScore": { "type": "integer" }
                },
                "example": { "totalScore": 85 }
              }
            },
            "404": { "description": "Quiz not found" },
            "500": { "description": "Internal server error" }
          }
        }
      },
      "/api/quiz/history": {
        "get": {
          "summary": "Get quiz history based on filters",
          "parameters": [
            {
              "name": "grade",
              "in": "query",
              "required": false,
              "type": "integer"
            },
            {
              "name": "subject",
              "in": "query",
              "required": false,
              "type": "string"
            },
            {
              "name": "from",
              "in": "query",
              "required": false,
              "type": "string",
              "format": "date"
            },
            {
              "name": "to",
              "in": "query",
              "required": false,
              "type": "string",
              "format": "date"
            }
          ],
          "responses": {
            "200": {
              "description": "List of quizzes matching the filters",
              "schema": {
                "type": "array",
                "items": {
                  "$ref": "#/definitions/Quiz"
                }
              }
            },
            "500": { "description": "Internal server error" }
          }
        }
      }
    },
    "definitions": {
      "Quiz": {
        "type": "object",
        "properties": {
          "quizId": { "type": "string" },
          "grade": { "type": "integer" },
          "subject": { "type": "string" },
          "totalQuestions": { "type": "integer" },
          "maxScore": { "type": "integer" },
          "difficulty": { "type": "string" },
          "questions": {
            "type": "array",
            "items": {
              "type": "object",
              "properties": {
                "questionId": { "type": "string" },
                "questionText": { "type": "string" },
                "correctAnswer": { "type": "string" },
                "score": { "type": "integer" }
              }
            }
          }
        }
      }
    }
  }
  